Beverages,Aero Vending Private Limited,Aero Vending Apple Concentrate,Aero Vending,5 US Gallon
Beverages,Aero Vending Private Limited,Aero Vending Apple Green Concentrate,Aero Vending,5 US Gallon
Beverages,Aero Vending Private Limited,Aero Vending Apple Juice,Aero Vending,250ml
Beverages,Aero Vending Private Limited,Aero Vending Barley Concentrate,Aero Vending,5 US Gallon
Beverages,Aero Vending Private Limited,Aero Vending Black Currant Concentrate,Aero Vending,5 US Gallon
Beverages,Aero Vending Private Limited,Aero Vending Blueberry Concentrate,Aero Vending,5 US Gallon
Beverages,Aero Vending Private Limited,Aero Vending Fruit Punch Concentrate,Aero Vending,5 US Gallon
Beverages,Aero Vending Private Limited,Aero Vending Grape Concentrate,Aero Vending,5 US Gallon
Beverages,Allswell Trading Pte Ltd,Allswell Plum & Passion Fruit,Allswell,500ml
Beverages,Allswell Trading Pte Ltd,Allswell Plum & Passion Fruit,Allswell,1000ml
Beverages,Allswell Trading Pte Ltd,Allswell Plum (Less Sugar),Allswell,500ml
Beverages,Allswell Trading Pte Ltd,Allswell Plum (Less Sugar),Allswell,1000ml
Beverages,Boisson Singapore Pte Ltd,Boisson Coco Tree 100% Coconut Water,Boisson,330ml
Beverages,Boncafe International Pte Ltd,Boncafe Colombiana,Boncafe,100g
Beverages,Boncafe International Pte Ltd,Boncafe Colombiana,Boncafe,200g
Beverages,Boncafe International Pte Ltd,Boncafe Colombiana,Boncafe,50g
Beverages,Field Catering & Supplies Pte Ltd,Cocomax 100% Coconut Water,Cocomax,500ml
Beverages,Field Catering & Supplies Pte Ltd,Cocomax 100% Coconut Water,Cocomax,500ml
Beverages,Coffeehock (2006) Pte Ltd,Coffee Hock 2898 Coffee Mixture,Coffeehock,500g
Beverages,Coffeehock (2006) Pte Ltd,Coffeehock 100% Natural Chrysanthemum Teabag with Brown Raw Sugar,Coffeehock,100g
Beverages,Coffeehock (2006) Pte Ltd,Coffeehock 100% Pure and Natural Ginger Powder Drink with Less Sugar,Coffeehock,10 x 12g
Beverages,Eu Yan Sang (S) Pte Ltd,Eu Yan Sang Prunella Tea,Eu Yan Sang,420ml
Beverages,Eu Yan Sang (S) Pte Ltd,Eu Yan Sang Pugongying Fig Tea,Eu Yan Sang,330ml
Beverages,Eu Yan Sang (S) Pte Ltd,Eu Yan Sang Superior Bird's Nest with Pearl Powder and Collagen (Reduced Sugar),Eu Yan Sang,Inner box 70
Beverages,Eu Yan Sang (S) Pte Ltd,Eu Yan Sang Superior Bird's Nest with Pearl Powder and Collagen (Reduced Sugar),Eu Yan Sang,Outer box 7 x 70
Beverages,Eu Yan Sang (S) Pte Ltd,Eu Yan Sang Superior Bird's Nest with Rock Sugar (Reduced Sugar),Eu Yan Sang,Inner box 70
Beverages,Min Hiang Food Pte Ltd,First Brew Water Chestnut Drink,First Brew,420ml
Beverages,Min Hiang Food Pte Ltd,FirstBrew Prunella Tea,First Brew,420ml
Beverages,F&N Foods Pte Ltd,"Fruit Tree Fresh No Sugar Added Apple, Beetroot & Carrot Mixed Juice Drink",Fruit Tree Fresh,1L
Beverages,F&N Foods Pte Ltd,"Fruit Tree Fresh No Sugar Added Apple, Beetroot & Carrot Mixed Juice Drink",Fruit Tree Fresh,250ml
Beverages,Gold Kili Trading Enterprise (Singapore) Pte Ltd,Gold Kili Instant Red Date Tea,Gold Kili,20 x 18g
Beverages,Gold Kili Trading Enterprise (Singapore) Pte Ltd,Gold Kili Kopi-O Kosong - No Sugar Added,Gold Kili,10g x 20 sachets
Beverages,Royal T Group Pte Ltd,Gong Cha Alisan Tea,Gong Cha,500ml
Beverages,Royal T Group Pte Ltd,Gong Cha Black Tea Latte,Gong Cha,500ml
Beverages,Royal T Group Pte Ltd,Gong Cha Camellia Tea,Gong Cha,500ml
Beverages,Royal T Group Pte Ltd,Gong Cha Green Tea Latte,Gong Cha,500ml
Beverages,Royal T Group Pte Ltd,Gong Cha Oolong Tea,Gong Cha,500ml
Beverages,Royal T Group Pte Ltd,Gong Cha Taiwan Black Tea,Gong Cha,500ml
Beverages,Royal T Group Pte Ltd,Gong Cha Taiwan Green Tea,Gong Cha,500ml
Beverages,Tastyfood Industries (S) Pte Ltd,Jelly Joy Slurpy Peach Jelly Juice (Less Sugar),Jelly Joy,150g
Beverages,Tastyfood Industries (S) Pte Ltd,Jelly Joy Slurpy Strawberry Jelly Juice (Less Sugar),Jelly Joy,150g
Beverages,Jiaqi Wellness Pte Ltd,Jiaqi Bird's Nest,Jiaqi's,6x75g
Beverages,JJ Drinks Manufacturing Pte Ltd,JJ Chamomile Floral Tea,JJ,300ml
Beverages,JJ Drinks Manufacturing Pte Ltd,JJ Chrysanthemum Tea,JJ,300ml
Beverages,JJ Drinks Manufacturing Pte Ltd,JJ Heritage Jia Jia Liang Cha,JJ,300ml
Beverages,Meng Chong Foodstuffs Pte Ltd,Mogu Mogu 10% Grape Juice Drink with Nata De Coco,Mogu Mogu,180ml
Beverages,Meng Chong Foodstuffs Pte Ltd,Mogu Mogu 10% Grape Juice Drink with Nata De Coco,Mogu Mogu,320ml
Beverages,Meng Chong Foodstuffs Pte Ltd,Mogu Mogu 10% Lychee Juice Drink with Nata de Coco,Mogu Mogu,320ml
Beverages,Pokka Corporation (Singapore) Pte Ltd,Pokka Apple Tea,Pokka,0.5L
Beverages,Pokka Corporation (Singapore) Pte Ltd,Pokka Apple Tea,Pokka,250ml
Beverages,Pokka Corporation (Singapore) Pte Ltd,Pokka Blueberry Tea,Pokka,0.5L
Beverages,Pokka Corporation (Singapore) Pte Ltd,Pokka Blueberry Tea,Pokka,250ml
Beverages,Pokka Corporation (Singapore) Pte Ltd,Pokka Chrysanthemum White Tea,Pokka,0.5L
Beverages,Greenleaf F&B Pte Ltd,ZERO PLUS Gravity Vitamin (Apple & Pear) Drink,Zero Plus Gravity,350ml
Beverages,Greenleaf F&B Pte Ltd,ZERO PLUS Gravity Vitamin (Mixed berries) Drink,Zero Plus Gravity,350ml
Beverages,Greenleaf F&B Pte Ltd,ZERO PLUS Gravity Vitamin (Soursop & Mangosteen) drink,Zero Plus Gravity,350ml
