Dairy Products,F&N Foods Pte Ltd,F&N Magnolia Lo-Fat Hi-Cal Chocolate Flavoured Milk with Fresh Milk,F&N Magnolia,1L
Dairy Products,F&N Foods Pte Ltd,F&N Magnolia Lo-Fat Hi-Cal Chocolate Flavoured Milk with Fresh Milk,F&N Magnolia,200ml
Dairy Products,F&N Foods Pte Ltd,F&N Magnolia Lo-Fat Hi-Cal Chocolate Milk with Fresh Milk & Omega 3 DHA,F&N Magnolia,1L
Dairy Products,F&N Foods Pte Ltd,F&N Magnolia Lo-Fat Hi-Cal Chocolate Milk with Fresh Milk & Omega 3 DHA,F&N Magnolia,200ml
Dairy Products,F&N Foods Pte Ltd,F&N Magnolia Lo-Fat Hi-Cal with Fresh Milk,F&N Magnolia,1L
Dairy Products,F&N Foods Pte Ltd,F&N Magnolia Lo-Fat Hi-Cal with Fresh Milk,F&N Magnolia,500ml
Dairy Products,F&N Foods Pte Ltd,F&N Magnolia Lo-Fat Hi-Cal with Fresh Milk & Omega 3 DHA,F&N Magnolia,1L
Dairy Products,F&N Foods Pte Ltd,F&N Magnolia Lo-Fat Hi-Cal with Fresh Milk & Omega 3 DHA,F&N Magnolia,2L
Dairy Products,F&N Foods Pte Ltd,F&N Magnolia Lo-Fat Hi-Cal with Fresh Milk & Omega 3 DHA,F&N Magnolia,200ml
Dairy Products,F&N Foods Pte Ltd,F&N Magnolia Lo-Fat Hi-Cal with Fresh Milk & Omega 3 DHA,F&N Magnolia,2L
Dairy Products,F&N Foods Pte Ltd,F&N Magnolia Smoo Milk Vanilla Flavoured,F&N Magnolia,230ml
Dairy Products,F&N Foods Pte Ltd,F&N Magnolia Smoo UHT Chocolate Flavoured Milk,F&N Magnolia,230ml
Dairy Products,F&N Foods Pte Ltd,F&N Magnolia Smoo UHT Strawberry Flavoured Milk,F&N Magnolia,230ml
Dairy Products,F&N Foods Pte Ltd,F&N Magnolia Smoo UHT Vanilla Flavoured Milk,F&N Magnolia,230ml
Dairy Products,F&N Foods Pte Ltd,F&N Magnolia UHT Higher Calcium Low Fat Milk with Fresh Milk,F&N Magnolia,1L
Dairy Products,F&N Foods Pte Ltd,F&N Magnolia UHT Higher Calcium Low Fat Milk with Fresh Milk,F&N Magnolia,250ml
Dairy Products,F&N Foods Pte Ltd,F&N Magnolia Yoghurt Smoothie Apple with Pear Bits,F&N Magnolia,200g
Dairy Products,F&N Foods Pte Ltd,F&N Magnolia Yoghurt Smoothie Apple with Pear Bits,F&N Magnolia,250ml
Dairy Products,F&N Foods Pte Ltd,F&N Magnolia Yoghurt Smoothie Mango with Orange Sacs,F&N Magnolia,800ml
Dairy Products,F&N Foods Pte Ltd,F&N Magnolia Yoghurt Smoothie Mango with Orange Sacs (R-2015),F&N Magnolia,250ml
Dairy Products,F&N Foods Pte Ltd,F&N Magnolia Yoghurt Smoothie Mango with Orange Sacs (R-2015),F&N Magnolia,800ml
Dairy Products,F&N Foods Pte Ltd,F&N Magnolia Yoghurt Smoothie Mixed Berries with Nata De Coco,F&N Magnolia,200g
Dairy Products,F&N Foods Pte Ltd,F&N Magnolia Yoghurt Smoothie Mixed Berries with Nata De Coco,F&N Magnolia,250ml
Dairy Products,F&N Foods Pte Ltd,F&N Magnolia Yoghurt Smoothie Mixed Berries with Nata De Coco,F&N Magnolia,700g
Dairy Products,F&N Foods Pte Ltd,F&N Magnolia Yoghurt Smoothie Mixed Berries with Nata De Coco,F&N Magnolia,800ml
Dairy Products,Austasia Food Pte Ltd,Greenfields Pasteurised & Homogenised Skimmed Milk,Greenfields,1L
Dairy Products,Austasia Food Pte Ltd,Greenfields Pasteurised & Homongenised Low Fat Milk Beverage,Greenfields,1.89L
Dairy Products,Austasia Food Pte Ltd,Greenfields UHT High Calcium Low Fat Milk,Greenfields,1L
Dairy Products,Austasia Food Pte Ltd,Greenfields UHT High Calcium Skimmed Milk,Greenfields,1L
Dairy Products,Abbott Laboratories (Singapore) Pte Ltd,GROW Milk Powder (Vanilla) 3-6 Years Old,Grow,1.8kg
Dairy Products,Abbott Laboratories (Singapore) Pte Ltd,GROW Milk Powder (Vanilla) 3-6 Years Old,Grow,36g
Dairy Products,Abbott Laboratories (Singapore) Pte Ltd,GROW Milk Powder (Vanilla) 3-6 Years Old,Grow,900g
Dairy Products,Abbott Laboratories (Singapore) Pte Ltd,GROW School Milk Powder (Vanilla) 6-12 Years Old,Grow,1.8kg
Dairy Products,Abbott Laboratories (Singapore) Pte Ltd,GROW School Milk Powder (Vanilla) 6-12 Years Old,Grow,36g
Dairy Products,F&N Foods Pte Ltd,Magnolia Yoghurt Smoothie Yuzu with Orange Sacs,Magnolia,250ml
Dairy Products,F&N Foods Pte Ltd,Magnolia Yoghurt Smoothie Yuzu with Orange Sacs,Magnolia,700g
Dairy Products,F&N Foods Pte Ltd,Magnolia Yoghurt Smoothie Yuzu with Orange Sacs,Magnolia,800ml
Dairy Products,Malaysia Dairy Industries Pte Ltd,MARIGOLD Chocolate Flavoured Milk - UHT Recombined Chocolate Flavoured Low Fat Milk-R,Marigold,0.25 L
Dairy Products,Malaysia Dairy Industries Pte Ltd,Marigold HL Milk - Banana,Marigold,1L
Dairy Products,Malaysia Dairy Industries Pte Ltd,Marigold HL Milk - Banana,Marigold,200ml
Dairy Products,Malaysia Dairy Industries Pte Ltd,Marigold HL Milk - Chocolate,Marigold,1L
Dairy Products,Malaysia Dairy Industries Pte Ltd,Marigold HL Milk - Chocolate,Marigold,200ml
Dairy Products,Malaysia Dairy Industries Pte Ltd,Marigold HL Milk - Chocolate,Marigold,2L
Dairy Products,Malaysia Dairy Industries Pte Ltd,Marigold HL Milk - Plain,Marigold,1L
Dairy Products,Malaysia Dairy Industries Pte Ltd,Marigold HL Milk - Plain,Marigold,200ml
Dairy Products,Malaysia Dairy Industries Pte Ltd,Marigold HL Milk - Plain,Marigold,2L
Dairy Products,Malaysia Dairy Industries Pte Ltd,Marigold HL Milk - Strawberry,Marigold,1L
Dairy Products,Malaysia Dairy Industries Pte Ltd,Marigold HL Milk - Strawberry,Marigold,200ml
Dairy Products,Malaysia Dairy Industries Pte Ltd,Marigold HL Milk with Plant Sterols,Marigold,1L
Dairy Products,Malaysia Dairy Industries Pte Ltd,Marigold Low Fat Milk - UHT Recombined Low Fat Milk,Marigold,1L
Dairy Products,CP-Meiji Co.Ltd.,Meiji Low Fat Yoghurt Natural Flavour,Meiji,500g
Dairy Products,Crown Pacific Investments Private Limited,Meiji Low Fat Yoghurt with Aloe Vera,Meiji,140g
Dairy Products,Crown Pacific Investments Private Limited,Meiji Low Fat Yoghurt with Aloe Vera,Meiji,90g
Dairy Products,CP-Meiji Co.Ltd.,Meiji Low Fat Yoghurt with Fuji Apple,Meiji,140g
Dairy Products,Crown Pacific Investments Private Limited,Meiji Low Fat Yoghurt with Mango,Meiji,140g
Dairy Products,Malaysia Dairy Industries Pte Ltd,Vitagen Less Sugar Cultured Milk Drink - Grape Flavour,Vitagen,125ml
Dairy Products,Malaysia Dairy Industries Pte Ltd,Vitagen Less Sugar Cultured Milk Drink - LB Flavour,Vitagen,125ml
