Fruit and Vegetables,Hong Kong View Enterprise Ltd Taiwan Branch,Comat Organic Apple Juice,Comat,295ml
Fruit and Vegetables,Hong Kong View Enterprise Ltd Taiwan Branch,Comat Organic Orange Juice,Comat,295ml
Fruit and Vegetables,Hong Kong View Enterprise Ltd Taiwan Branch,Comat Organic Red Grape Juice,Comat,295ml
Fruit and Vegetables,Hong Kong View Enterprise Ltd Taiwan Branch,Comat Organic Tomato Juice,Comat,295ml
Fruit and Vegetables,Hong Kong View Enterprise Ltd Taiwan Branch,Comat Organic Vegetable & Fruit Juice,Comat,295ml
Fruit and Vegetables,Phoenix Logistics & Marketing Pte Ltd,Del Monte TRC Sweet Corn Cream Style - R2016,Del Monte,380g
Fruit and Vegetables,Phoenix Logistics & Marketing Pte Ltd,Del Monte TRC Whole Kernel Corn,Del Monte,380g
Fruit and Vegetables,LOVEINDE,Eatobe Banana,Eatobe,16g
Fruit and Vegetables,LOVEINDE,Eatobe Dragonfruit,Eatobe,18g
Fruit and Vegetables,LOVEINDE,Eatobe Guava,Eatobe,16g
Fruit and Vegetables,LOVEINDE,Eatobe Mango,Eatobe,18g
Fruit and Vegetables,LOVEINDE,Eatobe Papaya,Eatobe,18 g
Fruit and Vegetables,LOVEINDE,Eatobe Pineapple,Eatobe,16g
Fruit and Vegetables,EVERGREEN CONSULTANCY & RESOURCES PTE LTD,Evergreen Sweet Corn Kernels,Evergreen,24 * 500g
Fruit and Vegetables,F&N Foods Pte Ltd,F&N Fruit Tree Fresh 100% Apple Juice No Sugar Added,F&N Fruit Tree Fresh,1L
Fruit and Vegetables,F&N Foods Pte Ltd,F&N Fruit Tree Fresh 100% Apple Juice No Sugar Added,F&N Fruit Tree Fresh,250ml
Fruit and Vegetables,F&N Foods Pte Ltd,F&N Fruit Tree Fresh 100% Blueberry Cranberry & Mixed Fruit Juice No Sugar Added,F&N Fruit Tree Fresh,250ml
Fruit and Vegetables,F&N Foods Pte Ltd,F&N Fruit Tree Fresh 100% Blueberry Cranberry & Mixed Fruit Juice No Sugar Added,F&N Fruit Tree Fresh,1L
Fruit and Vegetables,F&N Foods Pte Ltd,F&N Fruit Tree Fresh 100% Carrot Mixed Fruit Juice with Wolfberry No Sugar Added,F&N Fruit Tree Fresh,1L
Fruit and Vegetables,F&N Foods Pte Ltd,F&N Fruit Tree Fresh 100% Carrot Mixed Fruit Juice with Wolfberry No Sugar Added,F&N Fruit Tree Fresh,250ml
Fruit and Vegetables,F&N Foods Pte Ltd,F&N Fruit Tree Fresh 100% Cranberry Pomegranate & Apple Juice No Sugar Added,F&N Fruit Tree Fresh,1L
Fruit and Vegetables,Malaysia Dairy Industries Pte Ltd,Marigold 100% Juice Apple Grape Juice (No Sugar Added),Marigold,250ml
Fruit and Vegetables,Malaysia Dairy Industries Pte Ltd,Marigold 100% Juice Carrot Mixed Fruits (No Sugar Added),Marigold,250ml
Fruit and Vegetables,Malaysia Dairy Industries Pte Ltd,Marigold 100% Juice Carrot Mixed Fruits (No Sugar Added),Marigold,1L
Fruit and Vegetables,Malaysia Dairy Industries Pte Ltd,Marigold 100% Juice Orange (No Sugar Added),Marigold,1L
Fruit and Vegetables,Malaysia Dairy Industries Pte Ltd,Marigold 100% Juice Orange (No Sugar Added),Marigold,250ml
Fruit and Vegetables,Malaysia Dairy Industries Pte Ltd,Marigold 100% Juice Pear Mixed Berries (No sugar added),Marigold,250ml
Fruit and Vegetables,Malaysia Dairy Industries Pte Ltd,Marigold 100% Juice Pear Mixed Berries (No sugar added),Marigold,1L
Fruit and Vegetables,Malaysia Dairy Industries Pte Ltd,Marigold 100% Juice Tropical Fruits (No Sugar Added),Marigold,1L
Fruit and Vegetables,Malaysia Dairy Industries Pte Ltd,Marigold 100% Juice Tropical Fruits (No Sugar Added),Marigold,250ml
Fruit and Vegetables,Malaysia Dairy Industries Pte Ltd,Marigold Peel Fresh Apple Juice Drink (No Sugar Added),Marigold,1L
Fruit and Vegetables,Shriro Singapore Pte Ltd,St. Dalfour Cranberry with Blueberry Fruit Spread,St. Dalfour,170g
Fruit and Vegetables,Shriro Singapore Pte Ltd,St. Dalfour Cranberry with Blueberry Fruit Spread,St. Dalfour,284g
Fruit and Vegetables,Shriro Singapore Pte Ltd,St. Dalfour Fig Royale Fruit Spread,St. Dalfour,170g
Fruit and Vegetables,Shriro Singapore Pte Ltd,St. Dalfour Fig Royale Fruit Spread,St. Dalfour,284g
Fruit and Vegetables,Shriro Singapore Pte Ltd,St. Dalfour Four Fruits Fruit Spread,St. Dalfour,170g
Fruit and Vegetables,Shriro Singapore Pte Ltd,St. Dalfour Thick Apricot Fruit Spread,St. Dalfour,170g
Fruit and Vegetables,Shriro Singapore Pte Ltd,St. Dalfour Thick Apricot Fruit Spread,St. Dalfour,284g
Fruit and Vegetables,Shriro Singapore Pte Ltd,St. Dalfour Thick Cut Orange Fruit Spread,St. Dalfour,170g
Fruit and Vegetables,Shriro Singapore Pte Ltd,St. Dalfour Thick Cut Orange Fruit Spread,St. Dalfour,284g
Fruit and Vegetables,Shriro Singapore Pte Ltd,St. Dalfour Wild Blueberry Fruit Spread,St. Dalfour,170g
Fruit and Vegetables,Shriro Singapore Pte Ltd,St. Dalfour Wild Blueberry Fruit Spread,St. Dalfour,284g
Fruit and Vegetables,Lam Soon Singapore Pte Ltd,UFC Refresh 100% Coconut Water,UFC,1000ml
Fruit and Vegetables,Lam Soon Singapore Pte Ltd,UFC Refresh 100% Coconut Water,UFC,500ml
Fruit and Vegetables,YHS (Singapore) Pte Ltd,Unif Fruit and Vegetables,Unif,200ml
Fruit and Vegetables,YHS (Singapore) Pte Ltd,Unif Mixed Vegetable & Fruit Juice (Plus Gingko),Unif,300ml
Fruit and Vegetables,YHS (Singapore) Pte Ltd,Unif Mixed Vegetable & Fruit Juice with Berries & Collagen Added,Unif,330ml
Fruit and Vegetables,YHS (Singapore) Pte Ltd,Unif Mixed Vegetable & Fruit Juice with Green Vegetable,Unif,1000ml
Fruit and Vegetables,YHS (Singapore) Pte Ltd,Unif Mixed Vegetable & Fruit Juice with Green Vegetable (Plus Chlorophyll),Unif,300ml
Fruit and Vegetables,Jaffajuice Singapore Pte Ltd,Valley Fresh Blackcurrant Premium Juice,Valley Fresh,250ml
