Meat and Poultry,Jumain Sataysafaction Pte Ltd,Jumain Sataysfaction Beef Satay,Jumain Sataysfaction,300g
Meat and Poultry,Jumain Sataysafaction Pte Ltd,Jumain Sataysfaction Chicken Satay,Jumain Sataysfaction,300g
Meat and Poultry,Jumain Sataysafaction Pte Ltd,Jumain Sataysfaction Mutton Satay,Jumain Sataysfaction,300g
Meat and Poultry,Pan Seas Enterprises Pte Ltd,KARRIONCHICKEN GYOZA 192 g,Karrion,192g
Meat and Poultry,Kee Song Brothers Poultry Ind Pte Ltd,Kee Song CaroGold Chicken,Kee Song,1.1kg
Meat and Poultry,Kee Song Brothers Poultry Ind Pte Ltd,Kee Song CaroGold Chicken,Kee Song,1.2kg
Meat and Poultry,Kee Song Brothers Poultry Ind Pte Ltd,Kee Song CaroGold Chicken,Kee Song,1.3kg
Meat and Poultry,Kee Song Brothers Poultry Ind Pte Ltd,Kee Song CaroGold Chicken,Kee Song,500g
Meat and Poultry,Golden Bridge Foods Manufacturing Pte Ltd,Kelly's Bolognese Corned Pork,Kelly's,180g
Meat and Poultry,Golden Bridge Foods Manufacturing Pte Ltd,Kelly's Chargrill Corned Pork,Kelly's,180g
Meat and Poultry,Golden Bridge Foods Manufacturing Pte Ltd,Kelly's Curry Corned Chicken,Kelly's,180g
Meat and Poultry,Golden Bridge Foods Manufacturing Pte Ltd,Kelly's Pastrami Corned Beef,Kelly's,180g
Meat and Poultry,Lee Say Poultry Industrial,Lee Say HL Fresh Chicken Breast,Lee Say HL,300g
Meat and Poultry,Lee Say Poultry Industrial,Lee Say HL Fresh Chicken Breast,Lee Say HL,2kg
Meat and Poultry,Lee Say Poultry Industrial,Lee Say HL Fresh Chicken Leg,Lee Say HL,300g
Meat and Poultry,Lee Say Poultry Industrial,Lee Say HL Fresh Chicken Leg,Lee Say HL,2kg
Meat and Poultry,Lee Say Poultry Industrial,Lee Say HL Fresh Chicken Wing,Lee Say HL,300g
Meat and Poultry,Lee Say Poultry Industrial,Lee Say HL Fresh Chicken Wing,Lee Say HL,2kg
Meat and Poultry,Lee Say Poultry Industrial,Lee Say HL Fresh Whole Chicken,Lee Say HL,1kg
Meat and Poultry,Lee Say Poultry Industrial,Lee Say HL Fresh Whole Chicken,Lee Say HL,1.5kg
Meat and Poultry,Lee Say Poultry Industrial,Lee Say HL Fresh Whole Chicken,Lee Say HL,2kg
Meat and Poultry,Lee Say Poultry Industrial,Lee Say Royal French Chicken,Lee Say HL,1.2kg
Meat and Poultry,Lee Say Poultry Industrial,Lee Say Royal French Chicken,Lee Say HL,1.5kg
Meat and Poultry,Lee Say Poultry Industrial,Lee Say Royal French Chicken,Lee Say HL,1.8kg
Meat and Poultry,Leo Satay Foodstuff Manufacture,Leo Kee Chicken Satay,Leo Kee,240g
Meat and Poultry,Leo Satay Foodstuff Manufacture,Leo Kee Chicken Satay (10 sticks),Leo Kee,240g
Meat and Poultry,Leo Satay Foodstuff Manufacture,Leo Kee Satay Sauce,Leo Kee,100g
Meat and Poultry,New Multi Foodstuff,Steamed Chicken Breast Fillet,Nil,1000g
Meat and Poultry,Lim Traders Pte Ltd,Steamed Chicken Patties,Nil,1.8kg
Meat and Poultry,Lim Traders Pte Ltd,Steamed Chicken Patties,Nil,600g
Meat and Poultry,Wang Foong Foodstuffs Suppliers Pte Ltd,Terveys Prime Beef Chipolata,Terveys Prime,200g
Meat and Poultry,Wang Foong Foodstuffs Suppliers Pte Ltd,Terveys Prime Beef Chipolata,Terveys Prime,500g
Meat and Poultry,Wang Foong Foodstuffs Suppliers Pte Ltd,Terveys Prime Bratwurst Sausage,Terveys Prime,200g
Meat and Poultry,Wang Foong Foodstuffs Suppliers Pte Ltd,Terveys Prime Bratwurst Sausage,Terveys Prime,500g
Meat and Poultry,Wang Foong Foodstuffs Suppliers Pte Ltd,Terveys Prime Chicken Chipolata,Terveys Prime,200g
Meat and Poultry,Wang Foong Foodstuffs Suppliers Pte Ltd,Terveys Prime Chicken Chipolata,Terveys Prime,500g
Meat and Poultry,Wang Foong Foodstuffs Suppliers Pte Ltd,Terveys Prime Chicken Cocktail,Terveys Prime,200g
Meat and Poultry,Wang Foong Foodstuffs Suppliers Pte Ltd,Terveys Prime Chicken Cocktail,Terveys Prime,500g
Meat and Poultry,Wang Foong Foodstuffs Suppliers Pte Ltd,Terveys Prime Chicken Hotdog,Terveys Prime,200g
Meat and Poultry,Wang Foong Foodstuffs Suppliers Pte Ltd,Terveys Prime Chicken Hotdog,Terveys Prime,500g
Meat and Poultry,Wang Foong Foodstuffs Suppliers Pte Ltd,Terveys Prime Cumberland Sausage,Terveys Prime,200g
Meat and Poultry,Wang Foong Foodstuffs Suppliers Pte Ltd,Terveys Prime Cumberland Sausage,Terveys Prime,500g
Meat and Poultry,Wang Foong Foodstuffs Suppliers Pte Ltd,Terveys Prime Herb Sausage,Terveys Prime,200g
Meat and Poultry,Wang Foong Foodstuffs Suppliers Pte Ltd,Terveys Prime Herb Sausage,Terveys Prime,500g
Meat and Poultry,Wang Foong Foodstuffs Suppliers Pte Ltd,Terveys Prime Jumbo Chicken Frankfurter,Terveys Prime,200g
Meat and Poultry,Wang Foong Foodstuffs Suppliers Pte Ltd,Terveys Prime Jumbo Chicken Frankfurter,Terveys Prime,500g
Meat and Poultry,Wang Foong Foodstuffs Suppliers Pte Ltd,Terveys Prime Pork Cocktail,Terveys Prime,200g
Meat and Poultry,Wang Foong Foodstuffs Suppliers Pte Ltd,Terveys Prime Pork Cocktail,Terveys Prime,500g
Meat and Poultry,Wang Foong Foodstuffs Suppliers Pte Ltd,Terveys Prime Pork Hotdog,Terveys Prime,200g
Meat and Poultry,Wang Foong Foodstuffs Suppliers Pte Ltd,Terveys Prime Pork Hotdog,Terveys Prime,500g
Meat and Poultry,Wang Foong Foodstuffs Suppliers Pte Ltd,Terveys Prime Snail Sausage,Terveys Prime,200g
Meat and Poultry,Wang Foong Foodstuffs Suppliers Pte Ltd,Terveys Prime Veal Sausage,Terveys Prime,200g
