Seafood,NTUC Fairprice Co-Operative Limited,FairPrice Fish Fingers,Fairprice,375g
Seafood,NTUC Fairprice Co-Operative Limited,FairPrice Fish Fingers - R2015,Fairprice,375g
Seafood,Ann Tat Frozen Food Trading,Fantasea AAA Fish Burger,Fantasea,32 x 85g
Seafood,Far Ocean Sea Products (Pte) Ltd,Far Ocean Swordfish Steak,Far Ocean,170 (6oz)g
Seafood,Far Ocean Sea Products (Pte) Ltd,Far Ocean Swordfish Steak,Far Ocean,113.4 (4oz)g
Seafood,Far Ocean Sea Products (Pte) Ltd,Far Ocean Swordfish Steak,Far Ocean,226.8 (8oz)g
Seafood,Fassler Gourmet Pte Ltd,FASSLER Mini Salmon Bar-B-Que Burger,Fassler,300g
Seafood,Fassler Gourmet Pte Ltd,FASSLER Mini Salmon Corn Burger,Fassler,300g
Seafood,Fassler Gourmet Pte Ltd,FASSLER Mini Salmon Mushroom Burger,Fassler,300g
Seafood,Fassler Gourmet Pte Ltd,FASSLER Mini Traditional Salmon Burger,Fassler,300g
Seafood,Fassler Gourmet Pte Ltd,FASSLER Salmon Bar-B-Que Burger,Fassler,300g
Seafood,Fassler Gourmet Pte Ltd,FASSLER Salmon Corn Burger,Fassler,300g
Seafood,Fassler Gourmet Pte Ltd,FASSLER Salmon Mushroom Burger,Fassler,300g
Seafood,Fassler Gourmet Pte Ltd,FASSLER Traditional Salmon Burger,Fassler,300g
Seafood,Thong Siek Food Industry Pte Ltd,Fischeon Light (Fish Meat Loaf),Fischeon,340g
Seafood,Auric Foods Pte Ltd,Fish Bay Fish Wing,Fish Bay,Pack 600 g
Seafood,Kaiousei Enterprise Pte Ltd,Fish Bay Fish Wing,Fish Bay,600g
Seafood,Auric Foods Pte Ltd,Fish Bay Fish Wing Pack,Fish Bay,600g
Seafood,Kaiousei Enterprise Pte Ltd,Fish Bay Nile Fish White Fillet,Fish Bay,450g
Seafood,Auric Foods Pte Ltd,Fish Bay Nile Fish White Fillet,Fish Bay,450g
Seafood,Kaiousei Enterprise Pte Ltd,Fish Bay Nile Perch Pre-Cuts,Fish Bay,450g
Seafood,Auric Foods Pte Ltd,Fish Bay Nile Perch Pre-Cuts,Fish Bay,450g
Seafood,Auric Foods Pte Ltd,Fish Bay Toba White Fillet,Fish Bay,160g
Seafood,Kaiousei Enterprise Pte Ltd,Fish Bay Toba White Fillet,Fish Bay,160g
Seafood,Auric Foods Pte Ltd,Fish Bay White Fish Loin,Fish Bay,600g
Seafood,Auric Foods Pte Ltd,Fish Bay White Fish Loin,Fish Bay,450g
Seafood,Kaiousei Enterprise Pte Ltd,Fish Bay White Fish Loin,Fish Bay,450g
Seafood,Kaiousei Enterprise Pte Ltd,Fish Bay White Fish Loin,Fish Bay,600g
Seafood,Ha Li Fa Pte Ltd,Fresh Sakura Fishball,Sakura,150g (10pcs)
Seafood,Sin Yang Food (s) pte ltd,GST brand fresh seabass fillet,GST Brand,200g
Seafood,Sin Yang Food (s) pte ltd,GST brand fresh seabass fillet,GST Brand,300g
Seafood,Ho Lee Foodstuff Supplier,Ho Lee Foods Frozen Fish Otah,Ho Lee,500g
Seafood,WTT Trading Pte Ltd,ido Frozen Breaded Cod Fish Fillet,ido Frozen,240g
Seafood,WTT Trading Pte Ltd,ido Frozen Crispy Prawn Ball with Mashed Potato,ido Frozen,160g
Seafood,Pan Seas Enterprises Pte Ltd,KARRIONPRAWN GYOZA 192 g,Karrion,192g
Seafood,Pan Seas Enterprises Pte Ltd,KARRIONSEAFOOD GYOZA 192 g,Karrion,192g
Seafood,Barramundi Asia Pte Ltd,KingBass Seabass Fillet,KingBass,200g
Seafood,Li Chuan Food Products Pte Ltd,Li Chuan Fish Ball (S),Li Chuan,1kg
Seafood,Li Chuan Food Products Pte Ltd,Li Chuan Fish Cake Medium,Li Chuan,1.62kg
Seafood,Goh Joo Hin Pte Ltd,New Moon Breaded Marlin Fish,New Moon,300g
Seafood,Goh Joo Hin Pte Ltd,New Moon Breaded Marlin Fish Finger Lemon Flavour,New Moon,300g
Seafood,Goh Joo Hin Pte Ltd,New Moon Breaded Marlin Fish Finger Original Flavour,New Moon,300g
Seafood,Goh Joo Hin Pte Ltd,New Moon Breaded Shishamo,New Moon,300g
Seafood,Goh Joo Hin Pte Ltd,New Moon Cuttlefish Ball,New Moon,750g
Seafood,Kee Song Ocean Pte Ltd,Oceans Place Boiled Abalone Slice,Oceans,800g
Seafood,Kee Song Ocean Pte Ltd,Oceans Place Boiled Snow Crab Leg,Oceans,500g
Seafood,Pan Seas Enterprises Pte Ltd,Pan Seas Frozen Breaded Fish Fillet,Pan Seas,600g
Seafood,Pan Seas Enterprises Pte Ltd,Pan Seas Sea Cucumber,Pan Seas,400g
Seafood,S&W Fine Foods International Limited,S&W Saba Fish in Brine,S&W,200g
Seafood,Ha Li Fa Pte Ltd,Sakura Big Flat Fishcake,Sakura,230g
Seafood,Ha Li Fa Pte Ltd,Sakura Bolster Fishcake,Sakura,230g
Seafood,Ha Li Fa Pte Ltd,Sakura Chilli Cooked Fishball,Sakura,200g
Seafood,Ha Li Fa Pte Ltd,Sakura Premium Fried Fishball,Sakura,230g
Seafood,Ha Li Fa Pte Ltd,Sakura Small Xi Dao Fishcake,Sakura,230g
Seafood,Fassler Gourmet Pte Ltd,Salmon Trout Cutlet(FASSLER),Fassler,400g
Seafood,Fassler Gourmet Pte Ltd,Salmon Trout Fillet(FASSLER),Fassler,500g
Seafood,Norway Fresh PTE. LTD,Trapia Fresh White Fish Fillet,Nil,110g - 130g
Seafood,Harvest Resource Supply (SG) Pte Ltd,Yilai Premium Abalone,Yilai,425g
